{"cameraMode":{"drawMode":0,"name":"Shaded","section":"Shading Mode"},"sceneLighting":false,"audioPlay":false,"sceneViewState":{"showFog":false,"showMaterialUpdate":false,"showSkybox":false,"showFlares":false,"showImageEffects":false,"showParticleSystems":false,"showVisualEffectGraphs":true,"m_FxEnabled":true},"in2DMode":false,"pivot":{"x":-0.6275718212127686,"y":0.49957823753356936,"z":14.49669361114502},"rotation":{"x":0.15413308143615724,"y":0.16223512589931489,"z":-0.02566526271402836,"w":0.9743037223815918},"size":0.8660253882408142,"orthographic":false}