{"cameraMode":{"drawMode":0,"name":"Shaded","section":"Shading Mode"},"sceneLighting":true,"audioPlay":false,"sceneViewState":{"showFog":false,"showMaterialUpdate":false,"showSkybox":true,"showFlares":false,"showImageEffects":false,"showParticleSystems":false},"in2DMode":false,"pivot":{"x":608.2802124023438,"y":225.10662841796876,"z":-94.66585540771485},"rotation":{"x":-0.01049745175987482,"y":0.020997274667024614,"z":0.0002206310018664226,"w":0.9997248649597168},"size":200.56301879882813,"orthographic":false}